Index,pathimg,pathmask
1,/Users/quentinlandon/Desktop/GIT_Projet_theo/APP_IA_TL_QL_dev/data/Image/Enonce37.png,/Users/quentinlandon/Desktop/GIT_Projet_theo/APP_IA_TL_QL_dev/data/mask/MLEnonce37.png
2,/Users/quentinlandon/Desktop/GIT_Projet_theo/APP_IA_TL_QL_dev/data/Image/Enonce136.png,/Users/quentinlandon/Desktop/GIT_Projet_theo/APP_IA_TL_QL_dev/data/mask/MLEnonce136.png
3,/Users/quentinlandon/Desktop/GIT_Projet_theo/APP_IA_TL_QL_dev/data/Image/Enonce60.png,/Users/quentinlandon/Desktop/GIT_Projet_theo/APP_IA_TL_QL_dev/data/mask/MLEnonce60.png
4,/Users/quentinlandon/Desktop/GIT_Projet_theo/APP_IA_TL_QL_dev/data/Image/Enonce161.png,/Users/quentinlandon/Desktop/GIT_Projet_theo/APP_IA_TL_QL_dev/data/mask/MLEnonce161.png
5,/Users/quentinlandon/Desktop/GIT_Projet_theo/APP_IA_TL_QL_dev/data/Image/Enonce99.png,/Users/quentinlandon/Desktop/GIT_Projet_theo/APP_IA_TL_QL_dev/data/mask/MLEnonce99.png
6,/Users/quentinlandon/Desktop/GIT_Projet_theo/APP_IA_TL_QL_dev/data/Image/Enonce76.png,/Users/quentinlandon/Desktop/GIT_Projet_theo/APP_IA_TL_QL_dev/data/mask/MLEnonce76.png
7,/Users/quentinlandon/Desktop/GIT_Projet_theo/APP_IA_TL_QL_dev/data/Image/Enonce21.png,/Users/quentinlandon/Desktop/GIT_Projet_theo/APP_IA_TL_QL_dev/data/mask/MLEnonce21.png
8,/Users/quentinlandon/Desktop/GIT_Projet_theo/APP_IA_TL_QL_dev/data/Image/Enonce120.png,/Users/quentinlandon/Desktop/GIT_Projet_theo/APP_IA_TL_QL_dev/data/mask/MLEnonce120.png
9,/Users/quentinlandon/Desktop/GIT_Projet_theo/APP_IA_TL_QL_dev/data/Image/Enonce7.png,/Users/quentinlandon/Desktop/GIT_Projet_theo/APP_IA_TL_QL_dev/data/mask/MLEnonce7.png
10,/Users/quentinlandon/Desktop/GIT_Projet_theo/APP_IA_TL_QL_dev/data/Image/Enonce83.png,/Users/quentinlandon/Desktop/GIT_Projet_theo/APP_IA_TL_QL_dev/data/mask/MLEnonce83.png
11,/Users/quentinlandon/Desktop/GIT_Projet_theo/APP_IA_TL_QL_dev/data/Image/Enonce95.png,/Users/quentinlandon/Desktop/GIT_Projet_theo/APP_IA_TL_QL_dev/data/mask/MLEnonce95.png
12,/Users/quentinlandon/Desktop/GIT_Projet_theo/APP_IA_TL_QL_dev/data/Image/Enonce157.png,/Users/quentinlandon/Desktop/GIT_Projet_theo/APP_IA_TL_QL_dev/data/mask/MLEnonce157.png
13,/Users/quentinlandon/Desktop/GIT_Projet_theo/APP_IA_TL_QL_dev/data/Image/Enonce56.png,/Users/quentinlandon/Desktop/GIT_Projet_theo/APP_IA_TL_QL_dev/data/mask/MLEnonce56.png
14,/Users/quentinlandon/Desktop/GIT_Projet_theo/APP_IA_TL_QL_dev/data/Image/Enonce100.png,/Users/quentinlandon/Desktop/GIT_Projet_theo/APP_IA_TL_QL_dev/data/mask/MLEnonce100.png
15,/Users/quentinlandon/Desktop/GIT_Projet_theo/APP_IA_TL_QL_dev/data/Image/Enonce116.png,/Users/quentinlandon/Desktop/GIT_Projet_theo/APP_IA_TL_QL_dev/data/mask/MLEnonce116.png
16,/Users/quentinlandon/Desktop/GIT_Projet_theo/APP_IA_TL_QL_dev/data/Image/Enonce17.png,/Users/quentinlandon/Desktop/GIT_Projet_theo/APP_IA_TL_QL_dev/data/mask/MLEnonce17.png
17,/Users/quentinlandon/Desktop/GIT_Projet_theo/APP_IA_TL_QL_dev/data/Image/Enonce141.png,/Users/quentinlandon/Desktop/GIT_Projet_theo/APP_IA_TL_QL_dev/data/mask/MLEnonce141.png
18,/Users/quentinlandon/Desktop/GIT_Projet_theo/APP_IA_TL_QL_dev/data/Image/Enonce40.png,/Users/quentinlandon/Desktop/GIT_Projet_theo/APP_IA_TL_QL_dev/data/mask/MLEnonce40.png
19,/Users/quentinlandon/Desktop/GIT_Projet_theo/APP_IA_TL_QL_dev/data/Image/Enonce41.png,/Users/quentinlandon/Desktop/GIT_Projet_theo/APP_IA_TL_QL_dev/data/mask/MLEnonce41.png
20,/Users/quentinlandon/Desktop/GIT_Projet_theo/APP_IA_TL_QL_dev/data/Image/Enonce140.png,/Users/quentinlandon/Desktop/GIT_Projet_theo/APP_IA_TL_QL_dev/data/mask/MLEnonce140.png
21,/Users/quentinlandon/Desktop/GIT_Projet_theo/APP_IA_TL_QL_dev/data/Image/Enonce16.png,/Users/quentinlandon/Desktop/GIT_Projet_theo/APP_IA_TL_QL_dev/data/mask/MLEnonce16.png
22,/Users/quentinlandon/Desktop/GIT_Projet_theo/APP_IA_TL_QL_dev/data/Image/Enonce117.png,/Users/quentinlandon/Desktop/GIT_Projet_theo/APP_IA_TL_QL_dev/data/mask/MLEnonce117.png
23,/Users/quentinlandon/Desktop/GIT_Projet_theo/APP_IA_TL_QL_dev/data/Image/Enonce101.png,/Users/quentinlandon/Desktop/GIT_Projet_theo/APP_IA_TL_QL_dev/data/mask/MLEnonce101.png
24,/Users/quentinlandon/Desktop/GIT_Projet_theo/APP_IA_TL_QL_dev/data/Image/Enonce57.png,/Users/quentinlandon/Desktop/GIT_Projet_theo/APP_IA_TL_QL_dev/data/mask/MLEnonce57.png
25,/Users/quentinlandon/Desktop/GIT_Projet_theo/APP_IA_TL_QL_dev/data/Image/Enonce156.png,/Users/quentinlandon/Desktop/GIT_Projet_theo/APP_IA_TL_QL_dev/data/mask/MLEnonce156.png
26,/Users/quentinlandon/Desktop/GIT_Projet_theo/APP_IA_TL_QL_dev/data/Image/Enonce94.png,/Users/quentinlandon/Desktop/GIT_Projet_theo/APP_IA_TL_QL_dev/data/mask/MLEnonce94.png
27,/Users/quentinlandon/Desktop/GIT_Projet_theo/APP_IA_TL_QL_dev/data/Image/Enonce82.png,/Users/quentinlandon/Desktop/GIT_Projet_theo/APP_IA_TL_QL_dev/data/mask/MLEnonce82.png
28,/Users/quentinlandon/Desktop/GIT_Projet_theo/APP_IA_TL_QL_dev/data/Image/Enonce6.png,/Users/quentinlandon/Desktop/GIT_Projet_theo/APP_IA_TL_QL_dev/data/mask/MLEnonce6.png
29,/Users/quentinlandon/Desktop/GIT_Projet_theo/APP_IA_TL_QL_dev/data/Image/Enonce121.png,/Users/quentinlandon/Desktop/GIT_Projet_theo/APP_IA_TL_QL_dev/data/mask/MLEnonce121.png
30,/Users/quentinlandon/Desktop/GIT_Projet_theo/APP_IA_TL_QL_dev/data/Image/Enonce20.png,/Users/quentinlandon/Desktop/GIT_Projet_theo/APP_IA_TL_QL_dev/data/mask/MLEnonce20.png
31,/Users/quentinlandon/Desktop/GIT_Projet_theo/APP_IA_TL_QL_dev/data/Image/Enonce98.png,/Users/quentinlandon/Desktop/GIT_Projet_theo/APP_IA_TL_QL_dev/data/mask/MLEnonce98.png
32,/Users/quentinlandon/Desktop/GIT_Projet_theo/APP_IA_TL_QL_dev/data/Image/Enonce77.png,/Users/quentinlandon/Desktop/GIT_Projet_theo/APP_IA_TL_QL_dev/data/mask/MLEnonce77.png
33,/Users/quentinlandon/Desktop/GIT_Projet_theo/APP_IA_TL_QL_dev/data/Image/Enonce160.png,/Users/quentinlandon/Desktop/GIT_Projet_theo/APP_IA_TL_QL_dev/data/mask/MLEnonce160.png
34,/Users/quentinlandon/Desktop/GIT_Projet_theo/APP_IA_TL_QL_dev/data/Image/Enonce61.png,/Users/quentinlandon/Desktop/GIT_Projet_theo/APP_IA_TL_QL_dev/data/mask/MLEnonce61.png
35,/Users/quentinlandon/Desktop/GIT_Projet_theo/APP_IA_TL_QL_dev/data/Image/Enonce137.png,/Users/quentinlandon/Desktop/GIT_Projet_theo/APP_IA_TL_QL_dev/data/mask/MLEnonce137.png
36,/Users/quentinlandon/Desktop/GIT_Projet_theo/APP_IA_TL_QL_dev/data/Image/Enonce36.png,/Users/quentinlandon/Desktop/GIT_Projet_theo/APP_IA_TL_QL_dev/data/mask/MLEnonce36.png
37,/Users/quentinlandon/Desktop/GIT_Projet_theo/APP_IA_TL_QL_dev/data/Image/Enonce85.png,/Users/quentinlandon/Desktop/GIT_Projet_theo/APP_IA_TL_QL_dev/data/mask/MLEnonce85.png
38,/Users/quentinlandon/Desktop/GIT_Projet_theo/APP_IA_TL_QL_dev/data/Image/Enonce93.png,/Users/quentinlandon/Desktop/GIT_Projet_theo/APP_IA_TL_QL_dev/data/mask/MLEnonce93.png
39,/Users/quentinlandon/Desktop/GIT_Projet_theo/APP_IA_TL_QL_dev/data/Image/Enonce151.png,/Users/quentinlandon/Desktop/GIT_Projet_theo/APP_IA_TL_QL_dev/data/mask/MLEnonce151.png
40,/Users/quentinlandon/Desktop/GIT_Projet_theo/APP_IA_TL_QL_dev/data/Image/Enonce50.png,/Users/quentinlandon/Desktop/GIT_Projet_theo/APP_IA_TL_QL_dev/data/mask/MLEnonce50.png
41,/Users/quentinlandon/Desktop/GIT_Projet_theo/APP_IA_TL_QL_dev/data/Image/Enonce106.png,/Users/quentinlandon/Desktop/GIT_Projet_theo/APP_IA_TL_QL_dev/data/mask/MLEnonce106.png
42,/Users/quentinlandon/Desktop/GIT_Projet_theo/APP_IA_TL_QL_dev/data/Image/Enonce110.png,/Users/quentinlandon/Desktop/GIT_Projet_theo/APP_IA_TL_QL_dev/data/mask/MLEnonce110.png
43,/Users/quentinlandon/Desktop/GIT_Projet_theo/APP_IA_TL_QL_dev/data/Image/Enonce11.png,/Users/quentinlandon/Desktop/GIT_Projet_theo/APP_IA_TL_QL_dev/data/mask/MLEnonce11.png
44,/Users/quentinlandon/Desktop/GIT_Projet_theo/APP_IA_TL_QL_dev/data/Image/Enonce147.png,/Users/quentinlandon/Desktop/GIT_Projet_theo/APP_IA_TL_QL_dev/data/mask/MLEnonce147.png
45,/Users/quentinlandon/Desktop/GIT_Projet_theo/APP_IA_TL_QL_dev/data/Image/Enonce46.png,/Users/quentinlandon/Desktop/GIT_Projet_theo/APP_IA_TL_QL_dev/data/mask/MLEnonce46.png
46,/Users/quentinlandon/Desktop/GIT_Projet_theo/APP_IA_TL_QL_dev/data/Image/Enonce31.png,/Users/quentinlandon/Desktop/GIT_Projet_theo/APP_IA_TL_QL_dev/data/mask/MLEnonce31.png
47,/Users/quentinlandon/Desktop/GIT_Projet_theo/APP_IA_TL_QL_dev/data/Image/Enonce130.png,/Users/quentinlandon/Desktop/GIT_Projet_theo/APP_IA_TL_QL_dev/data/mask/MLEnonce130.png
48,/Users/quentinlandon/Desktop/GIT_Projet_theo/APP_IA_TL_QL_dev/data/Image/Enonce89.png,/Users/quentinlandon/Desktop/GIT_Projet_theo/APP_IA_TL_QL_dev/data/mask/MLEnonce89.png
49,/Users/quentinlandon/Desktop/GIT_Projet_theo/APP_IA_TL_QL_dev/data/Image/Enonce66.png,/Users/quentinlandon/Desktop/GIT_Projet_theo/APP_IA_TL_QL_dev/data/mask/MLEnonce66.png
50,/Users/quentinlandon/Desktop/GIT_Projet_theo/APP_IA_TL_QL_dev/data/Image/Enonce167.png,/Users/quentinlandon/Desktop/GIT_Projet_theo/APP_IA_TL_QL_dev/data/mask/MLEnonce167.png
51,/Users/quentinlandon/Desktop/GIT_Projet_theo/APP_IA_TL_QL_dev/data/Image/Enonce70.png,/Users/quentinlandon/Desktop/GIT_Projet_theo/APP_IA_TL_QL_dev/data/mask/MLEnonce70.png
52,/Users/quentinlandon/Desktop/GIT_Projet_theo/APP_IA_TL_QL_dev/data/Image/Enonce27.png,/Users/quentinlandon/Desktop/GIT_Projet_theo/APP_IA_TL_QL_dev/data/mask/MLEnonce27.png
53,/Users/quentinlandon/Desktop/GIT_Projet_theo/APP_IA_TL_QL_dev/data/Image/Enonce126.png,/Users/quentinlandon/Desktop/GIT_Projet_theo/APP_IA_TL_QL_dev/data/mask/MLEnonce126.png
54,/Users/quentinlandon/Desktop/GIT_Projet_theo/APP_IA_TL_QL_dev/data/Image/Enonce1.png,/Users/quentinlandon/Desktop/GIT_Projet_theo/APP_IA_TL_QL_dev/data/mask/MLEnonce1.png
55,/Users/quentinlandon/Desktop/GIT_Projet_theo/APP_IA_TL_QL_dev/data/Image/Enonce127.png,/Users/quentinlandon/Desktop/GIT_Projet_theo/APP_IA_TL_QL_dev/data/mask/MLEnonce127.png
56,/Users/quentinlandon/Desktop/GIT_Projet_theo/APP_IA_TL_QL_dev/data/Image/Enonce26.png,/Users/quentinlandon/Desktop/GIT_Projet_theo/APP_IA_TL_QL_dev/data/mask/MLEnonce26.png
57,/Users/quentinlandon/Desktop/GIT_Projet_theo/APP_IA_TL_QL_dev/data/Image/Enonce71.png,/Users/quentinlandon/Desktop/GIT_Projet_theo/APP_IA_TL_QL_dev/data/mask/MLEnonce71.png
58,/Users/quentinlandon/Desktop/GIT_Projet_theo/APP_IA_TL_QL_dev/data/Image/Enonce166.png,/Users/quentinlandon/Desktop/GIT_Projet_theo/APP_IA_TL_QL_dev/data/mask/MLEnonce166.png
59,/Users/quentinlandon/Desktop/GIT_Projet_theo/APP_IA_TL_QL_dev/data/Image/Enonce88.png,/Users/quentinlandon/Desktop/GIT_Projet_theo/APP_IA_TL_QL_dev/data/mask/MLEnonce88.png
60,/Users/quentinlandon/Desktop/GIT_Projet_theo/APP_IA_TL_QL_dev/data/Image/Enonce67.png,/Users/quentinlandon/Desktop/GIT_Projet_theo/APP_IA_TL_QL_dev/data/mask/MLEnonce67.png
61,/Users/quentinlandon/Desktop/GIT_Projet_theo/APP_IA_TL_QL_dev/data/Image/Enonce131.png,/Users/quentinlandon/Desktop/GIT_Projet_theo/APP_IA_TL_QL_dev/data/mask/MLEnonce131.png
62,/Users/quentinlandon/Desktop/GIT_Projet_theo/APP_IA_TL_QL_dev/data/Image/Enonce30.png,/Users/quentinlandon/Desktop/GIT_Projet_theo/APP_IA_TL_QL_dev/data/mask/MLEnonce30.png
63,/Users/quentinlandon/Desktop/GIT_Projet_theo/APP_IA_TL_QL_dev/data/Image/Enonce47.png,/Users/quentinlandon/Desktop/GIT_Projet_theo/APP_IA_TL_QL_dev/data/mask/MLEnonce47.png
64,/Users/quentinlandon/Desktop/GIT_Projet_theo/APP_IA_TL_QL_dev/data/Image/Enonce146.png,/Users/quentinlandon/Desktop/GIT_Projet_theo/APP_IA_TL_QL_dev/data/mask/MLEnonce146.png
65,/Users/quentinlandon/Desktop/GIT_Projet_theo/APP_IA_TL_QL_dev/data/Image/Enonce10.png,/Users/quentinlandon/Desktop/GIT_Projet_theo/APP_IA_TL_QL_dev/data/mask/MLEnonce10.png
66,/Users/quentinlandon/Desktop/GIT_Projet_theo/APP_IA_TL_QL_dev/data/Image/Enonce111.png,/Users/quentinlandon/Desktop/GIT_Projet_theo/APP_IA_TL_QL_dev/data/mask/MLEnonce111.png
67,/Users/quentinlandon/Desktop/GIT_Projet_theo/APP_IA_TL_QL_dev/data/Image/Enonce107.png,/Users/quentinlandon/Desktop/GIT_Projet_theo/APP_IA_TL_QL_dev/data/mask/MLEnonce107.png
68,/Users/quentinlandon/Desktop/GIT_Projet_theo/APP_IA_TL_QL_dev/data/Image/Enonce51.png,/Users/quentinlandon/Desktop/GIT_Projet_theo/APP_IA_TL_QL_dev/data/mask/MLEnonce51.png
69,/Users/quentinlandon/Desktop/GIT_Projet_theo/APP_IA_TL_QL_dev/data/Image/Enonce150.png,/Users/quentinlandon/Desktop/GIT_Projet_theo/APP_IA_TL_QL_dev/data/mask/MLEnonce150.png
70,/Users/quentinlandon/Desktop/GIT_Projet_theo/APP_IA_TL_QL_dev/data/Image/Enonce92.png,/Users/quentinlandon/Desktop/GIT_Projet_theo/APP_IA_TL_QL_dev/data/mask/MLEnonce92.png
71,/Users/quentinlandon/Desktop/GIT_Projet_theo/APP_IA_TL_QL_dev/data/Image/Enonce84.png,/Users/quentinlandon/Desktop/GIT_Projet_theo/APP_IA_TL_QL_dev/data/mask/MLEnonce84.png
72,/Users/quentinlandon/Desktop/GIT_Projet_theo/APP_IA_TL_QL_dev/data/Image/Enonce44.png,/Users/quentinlandon/Desktop/GIT_Projet_theo/APP_IA_TL_QL_dev/data/mask/MLEnonce44.png
73,/Users/quentinlandon/Desktop/GIT_Projet_theo/APP_IA_TL_QL_dev/data/Image/Enonce145.png,/Users/quentinlandon/Desktop/GIT_Projet_theo/APP_IA_TL_QL_dev/data/mask/MLEnonce145.png
74,/Users/quentinlandon/Desktop/GIT_Projet_theo/APP_IA_TL_QL_dev/data/Image/Enonce13.png,/Users/quentinlandon/Desktop/GIT_Projet_theo/APP_IA_TL_QL_dev/data/mask/MLEnonce13.png
75,/Users/quentinlandon/Desktop/GIT_Projet_theo/APP_IA_TL_QL_dev/data/Image/Enonce112.png,/Users/quentinlandon/Desktop/GIT_Projet_theo/APP_IA_TL_QL_dev/data/mask/MLEnonce112.png
76,/Users/quentinlandon/Desktop/GIT_Projet_theo/APP_IA_TL_QL_dev/data/Image/Enonce104.png,/Users/quentinlandon/Desktop/GIT_Projet_theo/APP_IA_TL_QL_dev/data/mask/MLEnonce104.png
77,/Users/quentinlandon/Desktop/GIT_Projet_theo/APP_IA_TL_QL_dev/data/Image/Enonce52.png,/Users/quentinlandon/Desktop/GIT_Projet_theo/APP_IA_TL_QL_dev/data/mask/MLEnonce52.png
78,/Users/quentinlandon/Desktop/GIT_Projet_theo/APP_IA_TL_QL_dev/data/Image/Enonce153.png,/Users/quentinlandon/Desktop/GIT_Projet_theo/APP_IA_TL_QL_dev/data/mask/MLEnonce153.png
79,/Users/quentinlandon/Desktop/GIT_Projet_theo/APP_IA_TL_QL_dev/data/Image/Enonce29.png,/Users/quentinlandon/Desktop/GIT_Projet_theo/APP_IA_TL_QL_dev/data/mask/MLEnonce29.png
80,/Users/quentinlandon/Desktop/GIT_Projet_theo/APP_IA_TL_QL_dev/data/Image/Enonce128.png,/Users/quentinlandon/Desktop/GIT_Projet_theo/APP_IA_TL_QL_dev/data/mask/MLEnonce128.png
81,/Users/quentinlandon/Desktop/GIT_Projet_theo/APP_IA_TL_QL_dev/data/Image/Enonce91.png,/Users/quentinlandon/Desktop/GIT_Projet_theo/APP_IA_TL_QL_dev/data/mask/MLEnonce91.png
82,/Users/quentinlandon/Desktop/GIT_Projet_theo/APP_IA_TL_QL_dev/data/Image/Enonce68.png,/Users/quentinlandon/Desktop/GIT_Projet_theo/APP_IA_TL_QL_dev/data/mask/MLEnonce68.png
83,/Users/quentinlandon/Desktop/GIT_Projet_theo/APP_IA_TL_QL_dev/data/Image/Enonce87.png,/Users/quentinlandon/Desktop/GIT_Projet_theo/APP_IA_TL_QL_dev/data/mask/MLEnonce87.png
84,/Users/quentinlandon/Desktop/GIT_Projet_theo/APP_IA_TL_QL_dev/data/Image/Enonce169.png,/Users/quentinlandon/Desktop/GIT_Projet_theo/APP_IA_TL_QL_dev/data/mask/MLEnonce169.png
85,/Users/quentinlandon/Desktop/GIT_Projet_theo/APP_IA_TL_QL_dev/data/Image/Enonce149.png,/Users/quentinlandon/Desktop/GIT_Projet_theo/APP_IA_TL_QL_dev/data/mask/MLEnonce149.png
86,/Users/quentinlandon/Desktop/GIT_Projet_theo/APP_IA_TL_QL_dev/data/Image/Enonce3.png,/Users/quentinlandon/Desktop/GIT_Projet_theo/APP_IA_TL_QL_dev/data/mask/MLEnonce3.png
87,/Users/quentinlandon/Desktop/GIT_Projet_theo/APP_IA_TL_QL_dev/data/Image/Enonce48.png,/Users/quentinlandon/Desktop/GIT_Projet_theo/APP_IA_TL_QL_dev/data/mask/MLEnonce48.png
88,/Users/quentinlandon/Desktop/GIT_Projet_theo/APP_IA_TL_QL_dev/data/Image/Enonce108.png,/Users/quentinlandon/Desktop/GIT_Projet_theo/APP_IA_TL_QL_dev/data/mask/MLEnonce108.png
89,/Users/quentinlandon/Desktop/GIT_Projet_theo/APP_IA_TL_QL_dev/data/Image/Enonce124.png,/Users/quentinlandon/Desktop/GIT_Projet_theo/APP_IA_TL_QL_dev/data/mask/MLEnonce124.png
90,/Users/quentinlandon/Desktop/GIT_Projet_theo/APP_IA_TL_QL_dev/data/Image/Enonce25.png,/Users/quentinlandon/Desktop/GIT_Projet_theo/APP_IA_TL_QL_dev/data/mask/MLEnonce25.png
91,/Users/quentinlandon/Desktop/GIT_Projet_theo/APP_IA_TL_QL_dev/data/Image/Enonce72.png,/Users/quentinlandon/Desktop/GIT_Projet_theo/APP_IA_TL_QL_dev/data/mask/MLEnonce72.png
92,/Users/quentinlandon/Desktop/GIT_Projet_theo/APP_IA_TL_QL_dev/data/Image/Enonce165.png,/Users/quentinlandon/Desktop/GIT_Projet_theo/APP_IA_TL_QL_dev/data/mask/MLEnonce165.png
93,/Users/quentinlandon/Desktop/GIT_Projet_theo/APP_IA_TL_QL_dev/data/Image/Enonce64.png,/Users/quentinlandon/Desktop/GIT_Projet_theo/APP_IA_TL_QL_dev/data/mask/MLEnonce64.png
94,/Users/quentinlandon/Desktop/GIT_Projet_theo/APP_IA_TL_QL_dev/data/Image/Enonce132.png,/Users/quentinlandon/Desktop/GIT_Projet_theo/APP_IA_TL_QL_dev/data/mask/MLEnonce132.png
95,/Users/quentinlandon/Desktop/GIT_Projet_theo/APP_IA_TL_QL_dev/data/Image/Enonce33.png,/Users/quentinlandon/Desktop/GIT_Projet_theo/APP_IA_TL_QL_dev/data/mask/MLEnonce33.png
96,/Users/quentinlandon/Desktop/GIT_Projet_theo/APP_IA_TL_QL_dev/data/Image/Enonce32.png,/Users/quentinlandon/Desktop/GIT_Projet_theo/APP_IA_TL_QL_dev/data/mask/MLEnonce32.png
97,/Users/quentinlandon/Desktop/GIT_Projet_theo/APP_IA_TL_QL_dev/data/Image/Enonce133.png,/Users/quentinlandon/Desktop/GIT_Projet_theo/APP_IA_TL_QL_dev/data/mask/MLEnonce133.png
98,/Users/quentinlandon/Desktop/GIT_Projet_theo/APP_IA_TL_QL_dev/data/Image/Enonce65.png,/Users/quentinlandon/Desktop/GIT_Projet_theo/APP_IA_TL_QL_dev/data/mask/MLEnonce65.png
99,/Users/quentinlandon/Desktop/GIT_Projet_theo/APP_IA_TL_QL_dev/data/Image/Enonce164.png,/Users/quentinlandon/Desktop/GIT_Projet_theo/APP_IA_TL_QL_dev/data/mask/MLEnonce164.png
100,/Users/quentinlandon/Desktop/GIT_Projet_theo/APP_IA_TL_QL_dev/data/Image/Enonce73.png,/Users/quentinlandon/Desktop/GIT_Projet_theo/APP_IA_TL_QL_dev/data/mask/MLEnonce73.png
101,/Users/quentinlandon/Desktop/GIT_Projet_theo/APP_IA_TL_QL_dev/data/Image/Enonce24.png,/Users/quentinlandon/Desktop/GIT_Projet_theo/APP_IA_TL_QL_dev/data/mask/MLEnonce24.png
102,/Users/quentinlandon/Desktop/GIT_Projet_theo/APP_IA_TL_QL_dev/data/Image/Enonce125.png,/Users/quentinlandon/Desktop/GIT_Projet_theo/APP_IA_TL_QL_dev/data/mask/MLEnonce125.png
103,/Users/quentinlandon/Desktop/GIT_Projet_theo/APP_IA_TL_QL_dev/data/Image/Enonce109.png,/Users/quentinlandon/Desktop/GIT_Projet_theo/APP_IA_TL_QL_dev/data/mask/MLEnonce109.png
104,/Users/quentinlandon/Desktop/GIT_Projet_theo/APP_IA_TL_QL_dev/data/Image/Enonce2.png,/Users/quentinlandon/Desktop/GIT_Projet_theo/APP_IA_TL_QL_dev/data/mask/MLEnonce2.png
105,/Users/quentinlandon/Desktop/GIT_Projet_theo/APP_IA_TL_QL_dev/data/Image/Enonce49.png,/Users/quentinlandon/Desktop/GIT_Projet_theo/APP_IA_TL_QL_dev/data/mask/MLEnonce49.png
106,/Users/quentinlandon/Desktop/GIT_Projet_theo/APP_IA_TL_QL_dev/data/Image/Enonce148.png,/Users/quentinlandon/Desktop/GIT_Projet_theo/APP_IA_TL_QL_dev/data/mask/MLEnonce148.png
107,/Users/quentinlandon/Desktop/GIT_Projet_theo/APP_IA_TL_QL_dev/data/Image/Enonce168.png,/Users/quentinlandon/Desktop/GIT_Projet_theo/APP_IA_TL_QL_dev/data/mask/MLEnonce168.png
108,/Users/quentinlandon/Desktop/GIT_Projet_theo/APP_IA_TL_QL_dev/data/Image/Enonce69.png,/Users/quentinlandon/Desktop/GIT_Projet_theo/APP_IA_TL_QL_dev/data/mask/MLEnonce69.png
109,/Users/quentinlandon/Desktop/GIT_Projet_theo/APP_IA_TL_QL_dev/data/Image/Enonce86.png,/Users/quentinlandon/Desktop/GIT_Projet_theo/APP_IA_TL_QL_dev/data/mask/MLEnonce86.png
110,/Users/quentinlandon/Desktop/GIT_Projet_theo/APP_IA_TL_QL_dev/data/Image/Enonce90.png,/Users/quentinlandon/Desktop/GIT_Projet_theo/APP_IA_TL_QL_dev/data/mask/MLEnonce90.png
111,/Users/quentinlandon/Desktop/GIT_Projet_theo/APP_IA_TL_QL_dev/data/Image/Enonce129.png,/Users/quentinlandon/Desktop/GIT_Projet_theo/APP_IA_TL_QL_dev/data/mask/MLEnonce129.png
112,/Users/quentinlandon/Desktop/GIT_Projet_theo/APP_IA_TL_QL_dev/data/Image/Enonce28.png,/Users/quentinlandon/Desktop/GIT_Projet_theo/APP_IA_TL_QL_dev/data/mask/MLEnonce28.png
113,/Users/quentinlandon/Desktop/GIT_Projet_theo/APP_IA_TL_QL_dev/data/Image/Enonce152.png,/Users/quentinlandon/Desktop/GIT_Projet_theo/APP_IA_TL_QL_dev/data/mask/MLEnonce152.png
114,/Users/quentinlandon/Desktop/GIT_Projet_theo/APP_IA_TL_QL_dev/data/Image/Enonce53.png,/Users/quentinlandon/Desktop/GIT_Projet_theo/APP_IA_TL_QL_dev/data/mask/MLEnonce53.png
115,/Users/quentinlandon/Desktop/GIT_Projet_theo/APP_IA_TL_QL_dev/data/Image/Enonce105.png,/Users/quentinlandon/Desktop/GIT_Projet_theo/APP_IA_TL_QL_dev/data/mask/MLEnonce105.png
116,/Users/quentinlandon/Desktop/GIT_Projet_theo/APP_IA_TL_QL_dev/data/Image/Enonce113.png,/Users/quentinlandon/Desktop/GIT_Projet_theo/APP_IA_TL_QL_dev/data/mask/MLEnonce113.png
117,/Users/quentinlandon/Desktop/GIT_Projet_theo/APP_IA_TL_QL_dev/data/Image/Enonce12.png,/Users/quentinlandon/Desktop/GIT_Projet_theo/APP_IA_TL_QL_dev/data/mask/MLEnonce12.png
118,/Users/quentinlandon/Desktop/GIT_Projet_theo/APP_IA_TL_QL_dev/data/Image/Enonce144.png,/Users/quentinlandon/Desktop/GIT_Projet_theo/APP_IA_TL_QL_dev/data/mask/MLEnonce144.png
119,/Users/quentinlandon/Desktop/GIT_Projet_theo/APP_IA_TL_QL_dev/data/Image/Enonce45.png,/Users/quentinlandon/Desktop/GIT_Projet_theo/APP_IA_TL_QL_dev/data/mask/MLEnonce45.png
120,/Users/quentinlandon/Desktop/GIT_Projet_theo/APP_IA_TL_QL_dev/data/Image/Enonce5.png,/Users/quentinlandon/Desktop/GIT_Projet_theo/APP_IA_TL_QL_dev/data/mask/MLEnonce5.png
121,/Users/quentinlandon/Desktop/GIT_Projet_theo/APP_IA_TL_QL_dev/data/Image/Enonce118.png,/Users/quentinlandon/Desktop/GIT_Projet_theo/APP_IA_TL_QL_dev/data/mask/MLEnonce118.png
122,/Users/quentinlandon/Desktop/GIT_Projet_theo/APP_IA_TL_QL_dev/data/Image/Enonce19.png,/Users/quentinlandon/Desktop/GIT_Projet_theo/APP_IA_TL_QL_dev/data/mask/MLEnonce19.png
123,/Users/quentinlandon/Desktop/GIT_Projet_theo/APP_IA_TL_QL_dev/data/Image/Enonce159.png,/Users/quentinlandon/Desktop/GIT_Projet_theo/APP_IA_TL_QL_dev/data/mask/MLEnonce159.png
124,/Users/quentinlandon/Desktop/GIT_Projet_theo/APP_IA_TL_QL_dev/data/Image/Enonce58.png,/Users/quentinlandon/Desktop/GIT_Projet_theo/APP_IA_TL_QL_dev/data/mask/MLEnonce58.png
125,/Users/quentinlandon/Desktop/GIT_Projet_theo/APP_IA_TL_QL_dev/data/Image/Enonce122.png,/Users/quentinlandon/Desktop/GIT_Projet_theo/APP_IA_TL_QL_dev/data/mask/MLEnonce122.png
126,/Users/quentinlandon/Desktop/GIT_Projet_theo/APP_IA_TL_QL_dev/data/Image/Enonce23.png,/Users/quentinlandon/Desktop/GIT_Projet_theo/APP_IA_TL_QL_dev/data/mask/MLEnonce23.png
127,/Users/quentinlandon/Desktop/GIT_Projet_theo/APP_IA_TL_QL_dev/data/Image/Enonce74.png,/Users/quentinlandon/Desktop/GIT_Projet_theo/APP_IA_TL_QL_dev/data/mask/MLEnonce74.png
128,/Users/quentinlandon/Desktop/GIT_Projet_theo/APP_IA_TL_QL_dev/data/Image/Enonce163.png,/Users/quentinlandon/Desktop/GIT_Projet_theo/APP_IA_TL_QL_dev/data/mask/MLEnonce163.png
129,/Users/quentinlandon/Desktop/GIT_Projet_theo/APP_IA_TL_QL_dev/data/Image/Enonce62.png,/Users/quentinlandon/Desktop/GIT_Projet_theo/APP_IA_TL_QL_dev/data/mask/MLEnonce62.png
130,/Users/quentinlandon/Desktop/GIT_Projet_theo/APP_IA_TL_QL_dev/data/Image/Enonce134.png,/Users/quentinlandon/Desktop/GIT_Projet_theo/APP_IA_TL_QL_dev/data/mask/MLEnonce134.png
131,/Users/quentinlandon/Desktop/GIT_Projet_theo/APP_IA_TL_QL_dev/data/Image/Enonce35.png,/Users/quentinlandon/Desktop/GIT_Projet_theo/APP_IA_TL_QL_dev/data/mask/MLEnonce35.png
132,/Users/quentinlandon/Desktop/GIT_Projet_theo/APP_IA_TL_QL_dev/data/Image/Enonce9.png,/Users/quentinlandon/Desktop/GIT_Projet_theo/APP_IA_TL_QL_dev/data/mask/MLEnonce9.png
133,/Users/quentinlandon/Desktop/GIT_Projet_theo/APP_IA_TL_QL_dev/data/Image/Enonce42.png,/Users/quentinlandon/Desktop/GIT_Projet_theo/APP_IA_TL_QL_dev/data/mask/MLEnonce42.png
134,/Users/quentinlandon/Desktop/GIT_Projet_theo/APP_IA_TL_QL_dev/data/Image/Enonce143.png,/Users/quentinlandon/Desktop/GIT_Projet_theo/APP_IA_TL_QL_dev/data/mask/MLEnonce143.png
135,/Users/quentinlandon/Desktop/GIT_Projet_theo/APP_IA_TL_QL_dev/data/Image/Enonce15.png,/Users/quentinlandon/Desktop/GIT_Projet_theo/APP_IA_TL_QL_dev/data/mask/MLEnonce15.png
136,/Users/quentinlandon/Desktop/GIT_Projet_theo/APP_IA_TL_QL_dev/data/Image/Enonce114.png,/Users/quentinlandon/Desktop/GIT_Projet_theo/APP_IA_TL_QL_dev/data/mask/MLEnonce114.png
137,/Users/quentinlandon/Desktop/GIT_Projet_theo/APP_IA_TL_QL_dev/data/Image/Enonce102.png,/Users/quentinlandon/Desktop/GIT_Projet_theo/APP_IA_TL_QL_dev/data/mask/MLEnonce102.png
138,/Users/quentinlandon/Desktop/GIT_Projet_theo/APP_IA_TL_QL_dev/data/Image/Enonce54.png,/Users/quentinlandon/Desktop/GIT_Projet_theo/APP_IA_TL_QL_dev/data/mask/MLEnonce54.png
139,/Users/quentinlandon/Desktop/GIT_Projet_theo/APP_IA_TL_QL_dev/data/Image/Enonce155.png,/Users/quentinlandon/Desktop/GIT_Projet_theo/APP_IA_TL_QL_dev/data/mask/MLEnonce155.png
140,/Users/quentinlandon/Desktop/GIT_Projet_theo/APP_IA_TL_QL_dev/data/Image/Enonce78.png,/Users/quentinlandon/Desktop/GIT_Projet_theo/APP_IA_TL_QL_dev/data/mask/MLEnonce78.png
141,/Users/quentinlandon/Desktop/GIT_Projet_theo/APP_IA_TL_QL_dev/data/Image/Enonce97.png,/Users/quentinlandon/Desktop/GIT_Projet_theo/APP_IA_TL_QL_dev/data/mask/MLEnonce97.png
142,/Users/quentinlandon/Desktop/GIT_Projet_theo/APP_IA_TL_QL_dev/data/Image/Enonce81.png,/Users/quentinlandon/Desktop/GIT_Projet_theo/APP_IA_TL_QL_dev/data/mask/MLEnonce81.png
143,/Users/quentinlandon/Desktop/GIT_Projet_theo/APP_IA_TL_QL_dev/data/Image/Enonce39.png,/Users/quentinlandon/Desktop/GIT_Projet_theo/APP_IA_TL_QL_dev/data/mask/MLEnonce39.png
144,/Users/quentinlandon/Desktop/GIT_Projet_theo/APP_IA_TL_QL_dev/data/Image/Enonce138.png,/Users/quentinlandon/Desktop/GIT_Projet_theo/APP_IA_TL_QL_dev/data/mask/MLEnonce138.png
145,/Users/quentinlandon/Desktop/GIT_Projet_theo/APP_IA_TL_QL_dev/data/Image/Enonce139.png,/Users/quentinlandon/Desktop/GIT_Projet_theo/APP_IA_TL_QL_dev/data/mask/MLEnonce139.png
146,/Users/quentinlandon/Desktop/GIT_Projet_theo/APP_IA_TL_QL_dev/data/Image/Enonce38.png,/Users/quentinlandon/Desktop/GIT_Projet_theo/APP_IA_TL_QL_dev/data/mask/MLEnonce38.png
147,/Users/quentinlandon/Desktop/GIT_Projet_theo/APP_IA_TL_QL_dev/data/Image/Enonce80.png,/Users/quentinlandon/Desktop/GIT_Projet_theo/APP_IA_TL_QL_dev/data/mask/MLEnonce80.png
148,/Users/quentinlandon/Desktop/GIT_Projet_theo/APP_IA_TL_QL_dev/data/Image/Enonce79.png,/Users/quentinlandon/Desktop/GIT_Projet_theo/APP_IA_TL_QL_dev/data/mask/MLEnonce79.png
149,/Users/quentinlandon/Desktop/GIT_Projet_theo/APP_IA_TL_QL_dev/data/Image/Enonce96.png,/Users/quentinlandon/Desktop/GIT_Projet_theo/APP_IA_TL_QL_dev/data/mask/MLEnonce96.png
150,/Users/quentinlandon/Desktop/GIT_Projet_theo/APP_IA_TL_QL_dev/data/Image/Enonce154.png,/Users/quentinlandon/Desktop/GIT_Projet_theo/APP_IA_TL_QL_dev/data/mask/MLEnonce154.png
151,/Users/quentinlandon/Desktop/GIT_Projet_theo/APP_IA_TL_QL_dev/data/Image/Enonce55.png,/Users/quentinlandon/Desktop/GIT_Projet_theo/APP_IA_TL_QL_dev/data/mask/MLEnonce55.png
152,/Users/quentinlandon/Desktop/GIT_Projet_theo/APP_IA_TL_QL_dev/data/Image/Enonce103.png,/Users/quentinlandon/Desktop/GIT_Projet_theo/APP_IA_TL_QL_dev/data/mask/MLEnonce103.png
153,/Users/quentinlandon/Desktop/GIT_Projet_theo/APP_IA_TL_QL_dev/data/Image/Enonce115.png,/Users/quentinlandon/Desktop/GIT_Projet_theo/APP_IA_TL_QL_dev/data/mask/MLEnonce115.png
154,/Users/quentinlandon/Desktop/GIT_Projet_theo/APP_IA_TL_QL_dev/data/Image/Enonce14.png,/Users/quentinlandon/Desktop/GIT_Projet_theo/APP_IA_TL_QL_dev/data/mask/MLEnonce14.png
155,/Users/quentinlandon/Desktop/GIT_Projet_theo/APP_IA_TL_QL_dev/data/Image/Enonce142.png,/Users/quentinlandon/Desktop/GIT_Projet_theo/APP_IA_TL_QL_dev/data/mask/MLEnonce142.png
156,/Users/quentinlandon/Desktop/GIT_Projet_theo/APP_IA_TL_QL_dev/data/Image/Enonce8.png,/Users/quentinlandon/Desktop/GIT_Projet_theo/APP_IA_TL_QL_dev/data/mask/MLEnonce8.png
157,/Users/quentinlandon/Desktop/GIT_Projet_theo/APP_IA_TL_QL_dev/data/Image/Enonce43.png,/Users/quentinlandon/Desktop/GIT_Projet_theo/APP_IA_TL_QL_dev/data/mask/MLEnonce43.png
158,/Users/quentinlandon/Desktop/GIT_Projet_theo/APP_IA_TL_QL_dev/data/Image/Enonce34.png,/Users/quentinlandon/Desktop/GIT_Projet_theo/APP_IA_TL_QL_dev/data/mask/MLEnonce34.png
159,/Users/quentinlandon/Desktop/GIT_Projet_theo/APP_IA_TL_QL_dev/data/Image/Enonce135.png,/Users/quentinlandon/Desktop/GIT_Projet_theo/APP_IA_TL_QL_dev/data/mask/MLEnonce135.png
160,/Users/quentinlandon/Desktop/GIT_Projet_theo/APP_IA_TL_QL_dev/data/Image/Enonce63.png,/Users/quentinlandon/Desktop/GIT_Projet_theo/APP_IA_TL_QL_dev/data/mask/MLEnonce63.png
161,/Users/quentinlandon/Desktop/GIT_Projet_theo/APP_IA_TL_QL_dev/data/Image/Enonce162.png,/Users/quentinlandon/Desktop/GIT_Projet_theo/APP_IA_TL_QL_dev/data/mask/MLEnonce162.png
162,/Users/quentinlandon/Desktop/GIT_Projet_theo/APP_IA_TL_QL_dev/data/Image/Enonce75.png,/Users/quentinlandon/Desktop/GIT_Projet_theo/APP_IA_TL_QL_dev/data/mask/MLEnonce75.png
163,/Users/quentinlandon/Desktop/GIT_Projet_theo/APP_IA_TL_QL_dev/data/Image/Enonce22.png,/Users/quentinlandon/Desktop/GIT_Projet_theo/APP_IA_TL_QL_dev/data/mask/MLEnonce22.png
164,/Users/quentinlandon/Desktop/GIT_Projet_theo/APP_IA_TL_QL_dev/data/Image/Enonce123.png,/Users/quentinlandon/Desktop/GIT_Projet_theo/APP_IA_TL_QL_dev/data/mask/MLEnonce123.png
165,/Users/quentinlandon/Desktop/GIT_Projet_theo/APP_IA_TL_QL_dev/data/Image/Enonce59.png,/Users/quentinlandon/Desktop/GIT_Projet_theo/APP_IA_TL_QL_dev/data/mask/MLEnonce59.png
166,/Users/quentinlandon/Desktop/GIT_Projet_theo/APP_IA_TL_QL_dev/data/Image/Enonce158.png,/Users/quentinlandon/Desktop/GIT_Projet_theo/APP_IA_TL_QL_dev/data/mask/MLEnonce158.png
167,/Users/quentinlandon/Desktop/GIT_Projet_theo/APP_IA_TL_QL_dev/data/Image/Enonce18.png,/Users/quentinlandon/Desktop/GIT_Projet_theo/APP_IA_TL_QL_dev/data/mask/MLEnonce18.png
168,/Users/quentinlandon/Desktop/GIT_Projet_theo/APP_IA_TL_QL_dev/data/Image/Enonce119.png,/Users/quentinlandon/Desktop/GIT_Projet_theo/APP_IA_TL_QL_dev/data/mask/MLEnonce119.png
169,/Users/quentinlandon/Desktop/GIT_Projet_theo/APP_IA_TL_QL_dev/data/Image/Enonce4.png,/Users/quentinlandon/Desktop/GIT_Projet_theo/APP_IA_TL_QL_dev/data/mask/MLEnonce4.png
